BEGIN TRANSACTION;
DELETE FROM sqlite_sequence;
INSERT INTO "sqlite_sequence" VALUES('picks',283);
CREATE TABLE "schema_migrations" ("version" varchar(255) NOT NULL);
INSERT INTO "schema_migrations" VALUES('20110705124619');
INSERT INTO "schema_migrations" VALUES('20110714132053');
INSERT INTO "schema_migrations" VALUES('20110714134216');
INSERT INTO "schema_migrations" VALUES('20110717130150');
INSERT INTO "schema_migrations" VALUES('20110717130721');
CREATE TABLE "picks" ("id" INTEGER PRIMARY KEY AUTOINCREMENT NOT NULL, "user" varchar(255), "ip" varchar(255), "win_pic_id" varchar(255), "loss_pic_id" varchar(255), "created_at" datetime, "updated_at" datetime);
INSERT INTO "picks" VALUES(241,'mySelf','127.0.0.1','28','202','2011-07-25 15:58:19','2011-07-25 15:58:19');
INSERT INTO "picks" VALUES(242,'mySelf','127.0.0.1','237','48','2011-07-25 15:58:25','2011-07-25 15:58:25');
INSERT INTO "picks" VALUES(243,'mySelf','127.0.0.1','21','64','2011-07-25 15:58:26','2011-07-25 15:58:26');
INSERT INTO "picks" VALUES(244,'mySelf','127.0.0.1','227','332','2011-07-25 15:58:34','2011-07-25 15:58:34');
INSERT INTO "picks" VALUES(245,'mySelf','127.0.0.1','28','322','2011-07-25 15:58:42','2011-07-25 15:58:42');
INSERT INTO "picks" VALUES(246,'mySelf','127.0.0.1','249','265','2011-07-25 15:58:51','2011-07-25 15:58:51');
INSERT INTO "picks" VALUES(247,'mySelf','127.0.0.1','168','234','2011-07-25 15:59:01','2011-07-25 15:59:01');
INSERT INTO "picks" VALUES(248,'mySelf','127.0.0.1','147','313','2011-07-25 15:59:05','2011-07-25 15:59:05');
INSERT INTO "picks" VALUES(249,'mySelf','127.0.0.1','290','73','2011-07-25 15:59:06','2011-07-25 15:59:06');
INSERT INTO "picks" VALUES(250,'mySelf','127.0.0.1','66','158','2011-07-25 15:59:09','2011-07-25 15:59:09');
INSERT INTO "picks" VALUES(251,'mySelf','127.0.0.1','134','127','2011-07-25 15:59:12','2011-07-25 15:59:12');
INSERT INTO "picks" VALUES(252,'mySelf','127.0.0.1','347','288','2011-07-25 15:59:18','2011-07-25 15:59:18');
INSERT INTO "picks" VALUES(253,'mySelf','127.0.0.1','235','188','2011-07-25 15:59:20','2011-07-25 15:59:20');
INSERT INTO "picks" VALUES(254,'mySelf','127.0.0.1','189','96','2011-07-25 15:59:22','2011-07-25 15:59:22');
INSERT INTO "picks" VALUES(255,'mySelf','127.0.0.1','74','88','2011-07-25 15:59:29','2011-07-25 15:59:29');
INSERT INTO "picks" VALUES(256,'mySelf','127.0.0.1','278','281','2011-07-25 15:59:30','2011-07-25 15:59:30');
INSERT INTO "picks" VALUES(257,'mySelf','127.0.0.1','283','13','2011-07-25 15:59:32','2011-07-25 15:59:32');
INSERT INTO "picks" VALUES(258,'mySelf','127.0.0.1','150','224','2011-07-25 15:59:37','2011-07-25 15:59:37');
INSERT INTO "picks" VALUES(259,'mySelf','127.0.0.1','233','62','2011-07-25 15:59:41','2011-07-25 15:59:41');
INSERT INTO "picks" VALUES(260,'mySelf','127.0.0.1','176','54','2011-07-25 15:59:42','2011-07-25 15:59:42');
INSERT INTO "picks" VALUES(261,'mySelf','127.0.0.1','310','271','2011-07-25 15:59:53','2011-07-25 15:59:53');
INSERT INTO "picks" VALUES(262,'mySelf','127.0.0.1','283','155','2011-07-25 16:00:07','2011-07-25 16:00:07');
INSERT INTO "picks" VALUES(263,'mySelf','127.0.0.1','28','136','2011-07-25 16:00:09','2011-07-25 16:00:09');
INSERT INTO "picks" VALUES(264,'mySelf','127.0.0.1','198','161','2011-07-25 16:01:09','2011-07-25 16:01:09');
INSERT INTO "picks" VALUES(265,'mySelf','127.0.0.1','249','102','2011-07-25 16:01:14','2011-07-25 16:01:14');
INSERT INTO "picks" VALUES(266,'mySelf','127.0.0.1','335','160','2011-07-25 16:01:16','2011-07-25 16:01:16');
INSERT INTO "picks" VALUES(267,'mySelf','127.0.0.1','276','181','2011-07-25 16:01:24','2011-07-25 16:01:24');
INSERT INTO "picks" VALUES(268,'mySelf','127.0.0.1','311','248','2011-07-25 16:08:55','2011-07-25 16:08:55');
INSERT INTO "picks" VALUES(269,'mySelf','127.0.0.1','262','127','2011-07-25 16:08:58','2011-07-25 16:08:58');
INSERT INTO "picks" VALUES(270,'mySelf','127.0.0.1','322','15','2011-07-25 16:09:04','2011-07-25 16:09:04');
INSERT INTO "picks" VALUES(271,'mySelf','127.0.0.1','18','141','2011-07-25 16:09:12','2011-07-25 16:09:12');
INSERT INTO "picks" VALUES(272,'mySelf','127.0.0.1','34','140','2011-07-25 16:09:17','2011-07-25 16:09:17');
INSERT INTO "picks" VALUES(273,'mySelf','127.0.0.1','330','168','2011-07-25 16:09:21','2011-07-25 16:09:21');
INSERT INTO "picks" VALUES(274,'mySelf','127.0.0.1','323','204','2011-07-25 16:09:29','2011-07-25 16:09:29');
INSERT INTO "picks" VALUES(275,'mySelf','127.0.0.1','82','258','2011-07-25 16:09:35','2011-07-25 16:09:35');
INSERT INTO "picks" VALUES(276,'mySelf','127.0.0.1','278','39','2011-07-25 16:09:42','2011-07-25 16:09:42');
INSERT INTO "picks" VALUES(277,'mySelf','127.0.0.1','330','305','2011-07-25 16:09:52','2011-07-25 16:09:52');
INSERT INTO "picks" VALUES(278,'mySelf','127.0.0.1','150','336','2011-07-25 16:09:55','2011-07-25 16:09:55');
INSERT INTO "picks" VALUES(279,'mySelf','127.0.0.1','135','27','2011-07-25 16:09:59','2011-07-25 16:09:59');
INSERT INTO "picks" VALUES(280,'mySelf','127.0.0.1','21','133','2011-07-25 16:10:04','2011-07-25 16:10:04');
INSERT INTO "picks" VALUES(281,'mySelf','127.0.0.1','135','345','2011-07-25 16:10:08','2011-07-25 16:10:08');
INSERT INTO "picks" VALUES(282,'mySelf','127.0.0.1','259','219','2011-07-25 16:10:26','2011-07-25 16:10:26');
INSERT INTO "picks" VALUES(283,'mySelf','127.0.0.1','289','96','2011-07-25 16:11:27','2011-07-25 16:11:27');
CREATE TABLE "users" ("id" INTEGER PRIMARY KEY AUTOINCREMENT NOT NULL, "created_at" datetime, "updated_at" datetime);
CREATE TABLE pics (id INTEGER PRIMARY KEY, title varchar(255), description varchar(255), image_url varchar(255), created_at datetime, updated_at datetime, scores real, wins int, losses int);
INSERT INTO "pics" VALUES(11,'new','import','01_login_big01.jpg','2011-07-20 13:10:12','2011-07-21 15:46:00',100.0,0,0);
INSERT INTO "pics" VALUES(12,'new','import','01_login_big02.jpg','2011-07-20 13:10:12','2011-07-20 13:10:12',100.0,0,0);
INSERT INTO "pics" VALUES(13,'new','import','01_login_big03.jpg','2011-07-20 13:10:12','2011-07-25 15:59:32',92.0,0,1);
INSERT INTO "pics" VALUES(14,'new','import','01_login_big04.jpg','2011-07-20 13:10:12','2011-07-21 15:46:04',100.0,0,0);
INSERT INTO "pics" VALUES(15,'new','import','01_login_big05.jpg','2011-07-20 13:10:12','2011-07-25 16:09:04',91.8200643132708,0,1);
INSERT INTO "pics" VALUES(16,'new','import','01_login_big06.jpg','2011-07-20 13:10:12','2011-07-21 16:24:06',100.0,0,0);
INSERT INTO "pics" VALUES(17,'new','import','01_login_big07.jpg','2011-07-20 13:10:12','2011-07-24 08:30:36',100.0,0,0);
INSERT INTO "pics" VALUES(18,'new','import','01_login_big08.jpg','2011-07-20 13:10:12','2011-07-25 16:09:12',108.0,1,0);
INSERT INTO "pics" VALUES(19,'new','import','01_login_big09.jpg','2011-07-20 13:10:12','2011-07-20 13:10:12',100.0,0,0);
INSERT INTO "pics" VALUES(20,'new','import','01_login_big10.jpg','2011-07-20 13:10:12','2011-07-20 13:10:12',100.0,0,0);
INSERT INTO "pics" VALUES(21,'new','import','01_login_big11.jpg','2011-07-20 13:10:12','2011-07-25 16:10:04',115.815825740515,2,0);
INSERT INTO "pics" VALUES(22,'new','import','01_login_big12.jpg','2011-07-20 13:10:12','2011-07-20 13:10:12',100.0,0,0);
INSERT INTO "pics" VALUES(23,'new','import','01_login_big13.jpg','2011-07-20 13:10:12','2011-07-25 15:27:18',100.0,0,0);
INSERT INTO "pics" VALUES(24,'new','import','01_login_big14.jpg','2011-07-20 13:10:12','2011-07-25 14:12:19',100.0,0,0);
INSERT INTO "pics" VALUES(25,'new','import','01_login_big15.jpg','2011-07-20 13:10:12','2011-07-20 13:10:12',100.0,0,0);
INSERT INTO "pics" VALUES(26,'new','import','01_login_big16.jpg','2011-07-20 13:10:12','2011-07-20 13:10:12',100.0,0,0);
INSERT INTO "pics" VALUES(27,'new','import','01_login_big17.jpg','2011-07-20 13:10:12','2011-07-25 16:09:59',92.0,0,1);
INSERT INTO "pics" VALUES(28,'new','import','01_login_big18.jpg','2011-07-20 13:10:12','2011-07-25 16:00:09',123.451904234687,3,0);
INSERT INTO "pics" VALUES(29,'new','import','01_login_big19.jpg','2011-07-20 13:10:12','2011-07-25 14:12:19',100.0,0,0);
INSERT INTO "pics" VALUES(31,'new','import','01_login_big21.jpg','2011-07-20 13:10:12','2011-07-24 14:08:13',100.0,0,0);
INSERT INTO "pics" VALUES(32,'new','import','01_login_big22.jpg','2011-07-20 13:10:12','2011-07-20 13:10:12',100.0,0,0);
INSERT INTO "pics" VALUES(33,'new','import','01_login_big23.jpg','2011-07-20 13:10:12','2011-07-20 13:40:41',100.0,0,0);
INSERT INTO "pics" VALUES(34,'new','import','01_login_big24.jpg','2011-07-20 13:10:12','2011-07-25 16:09:17',108.0,1,0);
INSERT INTO "pics" VALUES(35,'new','import','01_login_big25.jpg','2011-07-20 13:10:12','2011-07-25 15:25:56',100.0,0,0);
INSERT INTO "pics" VALUES(36,'new','import','01_login_big26.jpg','2011-07-20 13:10:12','2011-07-21 15:57:55',100.0,0,0);
INSERT INTO "pics" VALUES(37,'new','import','01_login_big27.jpg','2011-07-20 13:10:12','2011-07-24 14:07:43',100.0,0,0);
INSERT INTO "pics" VALUES(38,'new','import','01_login_big28.jpg','2011-07-20 13:10:12','2011-07-25 14:09:35',100.0,0,0);
INSERT INTO "pics" VALUES(39,'new','import','01_login_big29.jpg','2011-07-20 13:10:12','2011-07-25 16:09:42',92.1841742594847,0,1);
INSERT INTO "pics" VALUES(40,'new','import','01_login_big30.jpg','2011-07-20 13:10:12','2011-07-20 13:10:12',100.0,0,0);
INSERT INTO "pics" VALUES(41,'new','import','01_login_big31.jpg','2011-07-20 13:10:12','2011-07-24 14:08:11',100.0,0,0);
INSERT INTO "pics" VALUES(42,'new','import','02_login_big01.jpg','2011-07-20 13:10:12','2011-07-20 13:10:12',100.0,0,0);
INSERT INTO "pics" VALUES(43,'new','import','02_login_big02.jpg','2011-07-20 13:10:12','2011-07-25 15:28:08',100.0,0,0);
INSERT INTO "pics" VALUES(44,'new','import','02_login_big03.jpg','2011-07-20 13:10:12','2011-07-20 13:10:12',100.0,0,0);
INSERT INTO "pics" VALUES(45,'new','import','02_login_big04.jpg','2011-07-20 13:10:12','2011-07-25 15:28:22',100.0,0,0);
INSERT INTO "pics" VALUES(46,'new','import','02_login_big05.jpg','2011-07-20 13:10:12','2011-07-25 14:12:59',100.0,0,0);
INSERT INTO "pics" VALUES(48,'new','import','02_login_big07.jpg','2011-07-20 13:10:12','2011-07-25 15:58:25',92.0,0,1);
INSERT INTO "pics" VALUES(50,'new','import','02_login_big09.jpg','2011-07-20 13:10:12','2011-07-20 13:10:12',100.0,0,0);
INSERT INTO "pics" VALUES(52,'new','import','02_login_big11.jpg','2011-07-20 13:10:12','2011-07-25 15:29:32',100.0,0,0);
INSERT INTO "pics" VALUES(53,'new','import','02_login_big12.jpg','2011-07-20 13:10:12','2011-07-20 13:10:12',100.0,0,0);
INSERT INTO "pics" VALUES(54,'new','import','02_login_big13.jpg','2011-07-20 13:10:12','2011-07-25 15:59:42',92.0,0,1);
INSERT INTO "pics" VALUES(55,'new','import','02_login_big14.jpg','2011-07-20 13:10:12','2011-07-25 15:26:35',100.0,0,0);
INSERT INTO "pics" VALUES(56,'new','import','02_login_big15.jpg','2011-07-20 13:10:12','2011-07-20 13:10:12',100.0,0,0);
INSERT INTO "pics" VALUES(57,'new','import','02_login_big16.jpg','2011-07-20 13:10:12','2011-07-20 13:10:12',100.0,0,0);
INSERT INTO "pics" VALUES(58,'new','import','02_login_big17.jpg','2011-07-20 13:10:12','2011-07-20 13:10:12',100.0,0,0);
INSERT INTO "pics" VALUES(59,'new','import','02_login_big18.jpg','2011-07-20 13:10:12','2011-07-21 15:45:54',100.0,0,0);
INSERT INTO "pics" VALUES(60,'new','import','02_login_big19.jpg','2011-07-20 13:10:12','2011-07-21 16:24:08',100.0,0,0);
INSERT INTO "pics" VALUES(61,'new','import','02_login_big20.jpg','2011-07-20 13:10:12','2011-07-25 15:55:20',100.0,0,0);
INSERT INTO "pics" VALUES(62,'new','import','02_login_big21.jpg','2011-07-20 13:10:12','2011-07-25 15:59:41',92.0,0,1);
INSERT INTO "pics" VALUES(64,'new','import','02_login_big23.jpg','2011-07-20 13:10:12','2011-07-25 15:58:26',92.0,0,1);
INSERT INTO "pics" VALUES(66,'new','import','02_login_big25.jpg','2011-07-20 13:10:12','2011-07-25 15:59:09',108.0,1,0);
INSERT INTO "pics" VALUES(67,'new','import','02_login_big26.jpg','2011-07-20 13:10:12','2011-07-25 14:12:27',100.0,0,0);
INSERT INTO "pics" VALUES(68,'new','import','02_login_big27.jpg','2011-07-20 13:10:12','2011-07-25 15:26:04',100.0,0,0);
INSERT INTO "pics" VALUES(69,'new','import','02_login_big28.jpg','2011-07-20 13:10:12','2011-07-24 08:30:34',100.0,0,0);
INSERT INTO "pics" VALUES(70,'new','import','02_login_big29.jpg','2011-07-20 13:10:12','2011-07-25 15:28:08',100.0,0,0);
INSERT INTO "pics" VALUES(72,'new','import','02_login_big31.jpg','2011-07-20 13:10:12','2011-07-20 13:10:12',100.0,0,0);
INSERT INTO "pics" VALUES(73,'new','import','03_login_big01.jpg','2011-07-20 13:10:12','2011-07-25 15:59:06',92.0,0,1);
INSERT INTO "pics" VALUES(74,'new','import','03_login_big02.jpg','2011-07-20 13:10:12','2011-07-25 15:59:29',108.0,1,0);
INSERT INTO "pics" VALUES(75,'new','import','03_login_big03.jpg','2011-07-20 13:10:12','2011-07-20 13:10:12',100.0,0,0);
INSERT INTO "pics" VALUES(76,'new','import','03_login_big04.jpg','2011-07-20 13:10:12','2011-07-24 14:08:18',100.0,0,0);
INSERT INTO "pics" VALUES(77,'new','import','03_login_big05.jpg','2011-07-20 13:10:12','2011-07-20 13:10:12',100.0,0,0);
INSERT INTO "pics" VALUES(78,'new','import','03_login_big06.jpg','2011-07-20 13:10:12','2011-07-21 15:46:11',100.0,0,0);
INSERT INTO "pics" VALUES(80,'new','import','03_login_big08.jpg','2011-07-20 13:10:12','2011-07-25 15:55:19',100.0,0,0);
INSERT INTO "pics" VALUES(81,'new','import','03_login_big09.jpg','2011-07-20 13:10:12','2011-07-20 13:10:12',100.0,0,0);
INSERT INTO "pics" VALUES(82,'new','import','03_login_big10.jpg','2011-07-20 13:10:12','2011-07-25 16:09:35',108.0,1,0);
INSERT INTO "pics" VALUES(83,'new','import','03_login_big11.jpg','2011-07-20 13:10:12','2011-07-21 16:24:29',100.0,0,0);
INSERT INTO "pics" VALUES(84,'new','import','03_login_big12.jpg','2011-07-20 13:10:12','2011-07-20 13:45:40',100.0,0,0);
INSERT INTO "pics" VALUES(85,'new','import','03_login_big13.jpg','2011-07-20 13:10:12','2011-07-24 14:05:58',100.0,0,0);
INSERT INTO "pics" VALUES(86,'new','import','03_login_big14.jpg','2011-07-20 13:10:12','2011-07-20 13:10:12',100.0,0,0);
INSERT INTO "pics" VALUES(88,'new','import','03_login_big16.jpg','2011-07-20 13:10:12','2011-07-25 15:59:29',92.0,0,1);
INSERT INTO "pics" VALUES(89,'new','import','03_login_big17.jpg','2011-07-20 13:10:12','2011-07-24 14:06:09',100.0,0,0);
INSERT INTO "pics" VALUES(90,'new','import','03_login_big18.jpg','2011-07-20 13:10:12','2011-07-21 15:58:41',100.0,0,0);
INSERT INTO "pics" VALUES(91,'new','import','03_login_big19.jpg','2011-07-20 13:10:12','2011-07-24 14:07:48',100.0,0,0);
INSERT INTO "pics" VALUES(92,'new','import','03_login_big20.jpg','2011-07-20 13:10:12','2011-07-21 16:24:01',100.0,0,0);
INSERT INTO "pics" VALUES(94,'new','import','03_login_big22.jpg','2011-07-20 13:10:12','2011-07-20 13:40:44',100.0,0,0);
INSERT INTO "pics" VALUES(95,'new','import','03_login_big23.jpg','2011-07-20 13:10:12','2011-07-25 15:27:53',100.0,0,0);
INSERT INTO "pics" VALUES(96,'new','import','03_login_big24.jpg','2011-07-20 13:10:12','2011-07-25 16:11:27',84.1841742594847,0,2);
INSERT INTO "pics" VALUES(97,'new','import','03_login_big25.jpg','2011-07-20 13:10:12','2011-07-24 14:05:55',100.0,0,0);
INSERT INTO "pics" VALUES(98,'new','import','03_login_big26.jpg','2011-07-20 13:10:12','2011-07-20 13:40:56',100.0,0,0);
INSERT INTO "pics" VALUES(99,'new','import','03_login_big27.jpg','2011-07-20 13:10:12','2011-07-25 15:26:04',100.0,0,0);
INSERT INTO "pics" VALUES(100,'new','import','03_login_big28.jpg','2011-07-20 13:10:12','2011-07-21 16:23:44',100.0,0,0);
INSERT INTO "pics" VALUES(101,'new','import','03_login_big29.jpg','2011-07-20 13:10:12','2011-07-24 14:06:13',100.0,0,0);
INSERT INTO "pics" VALUES(102,'new','import','03_login_big30.jpg','2011-07-20 13:10:12','2011-07-25 16:01:14',92.1841742594847,0,1);
INSERT INTO "pics" VALUES(103,'new','import','03_login_big31.jpg','2011-07-20 13:10:12','2011-07-20 13:10:12',100.0,0,0);
INSERT INTO "pics" VALUES(106,'new','import','04_login_big03.jpg','2011-07-20 13:10:12','2011-07-20 13:10:12',100.0,0,0);
INSERT INTO "pics" VALUES(107,'new','import','04_login_big04.jpg','2011-07-20 13:10:12','2011-07-20 13:10:12',100.0,0,0);
INSERT INTO "pics" VALUES(108,'new','import','04_login_big05.jpg','2011-07-20 13:10:12','2011-07-20 13:10:12',100.0,0,0);
INSERT INTO "pics" VALUES(109,'new','import','04_login_big06.jpg','2011-07-20 13:10:12','2011-07-20 13:10:12',100.0,0,0);
INSERT INTO "pics" VALUES(110,'new','import','04_login_big07.jpg','2011-07-20 13:10:12','2011-07-20 13:10:12',100.0,0,0);
INSERT INTO "pics" VALUES(111,'new','import','04_login_big08.jpg','2011-07-20 13:10:12','2011-07-21 16:23:58',100.0,0,0);
INSERT INTO "pics" VALUES(112,'new','import','04_login_big09.jpg','2011-07-20 13:10:12','2011-07-25 15:27:53',100.0,0,0);
INSERT INTO "pics" VALUES(113,'new','import','04_login_big10.jpg','2011-07-20 13:10:12','2011-07-25 15:27:42',100.0,0,0);
INSERT INTO "pics" VALUES(114,'new','import','04_login_big11.jpg','2011-07-20 13:10:12','2011-07-20 13:10:12',100.0,0,0);
INSERT INTO "pics" VALUES(115,'new','import','04_login_big12.jpg','2011-07-20 13:10:12','2011-07-24 14:08:01',100.0,0,0);
INSERT INTO "pics" VALUES(116,'new','import','04_login_big13.jpg','2011-07-20 13:10:12','2011-07-21 15:58:23',100.0,0,0);
INSERT INTO "pics" VALUES(117,'new','import','04_login_big14.jpg','2011-07-20 13:10:12','2011-07-21 16:24:27',100.0,0,0);
INSERT INTO "pics" VALUES(118,'new','import','04_login_big15.jpg','2011-07-20 13:10:12','2011-07-25 14:12:24',100.0,0,0);
INSERT INTO "pics" VALUES(119,'new','import','04_login_big16.jpg','2011-07-20 13:10:12','2011-07-20 13:10:12',100.0,0,0);
INSERT INTO "pics" VALUES(120,'new','import','04_login_big17.jpg','2011-07-20 13:10:12','2011-07-20 13:10:12',100.0,0,0);
INSERT INTO "pics" VALUES(121,'new','import','04_login_big18.jpg','2011-07-20 13:10:12','2011-07-20 13:10:12',100.0,0,0);
INSERT INTO "pics" VALUES(122,'new','import','04_login_big19.jpg','2011-07-20 13:10:12','2011-07-24 14:06:04',100.0,0,0);
INSERT INTO "pics" VALUES(123,'new','import','04_login_big20.jpg','2011-07-20 13:10:12','2011-07-20 13:10:12',100.0,0,0);
INSERT INTO "pics" VALUES(125,'new','import','04_login_big22.jpg','2011-07-20 13:10:12','2011-07-21 16:23:44',100.0,0,0);
INSERT INTO "pics" VALUES(126,'new','import','04_login_big23.jpg','2011-07-20 13:10:12','2011-07-20 13:10:12',100.0,0,0);
INSERT INTO "pics" VALUES(127,'new','import','04_login_big24.jpg','2011-07-20 13:10:12','2011-07-25 16:08:58',84.1841742594847,0,2);
INSERT INTO "pics" VALUES(128,'new','import','04_login_big25.jpg','2011-07-20 13:10:12','2011-07-20 13:41:03',100.0,0,0);
INSERT INTO "pics" VALUES(129,'new','import','04_login_big26.jpg','2011-07-20 13:10:12','2011-07-20 13:10:12',100.0,0,0);
INSERT INTO "pics" VALUES(130,'new','import','04_login_big27.jpg','2011-07-20 13:10:12','2011-07-24 14:08:22',100.0,0,0);
INSERT INTO "pics" VALUES(131,'new','import','04_login_big28.jpg','2011-07-20 13:10:12','2011-07-25 15:28:17',100.0,0,0);
INSERT INTO "pics" VALUES(132,'new','import','04_login_big29.jpg','2011-07-20 13:10:12','2011-07-20 13:10:12',100.0,0,0);
INSERT INTO "pics" VALUES(133,'new','import','04_login_big30.jpg','2011-07-20 13:10:12','2011-07-25 16:10:04',92.1841742594847,0,1);
INSERT INTO "pics" VALUES(134,'new','import','04_login_big31.jpg','2011-07-20 13:10:12','2011-07-25 15:59:12',108.0,1,0);
INSERT INTO "pics" VALUES(135,'new','import','05_login_big01.jpg','2011-07-20 13:10:12','2011-07-25 16:10:08',115.815825740515,2,0);
INSERT INTO "pics" VALUES(136,'new','import','05_login_big02.jpg','2011-07-20 13:10:12','2011-07-25 16:00:09',92.363921505828,0,1);
INSERT INTO "pics" VALUES(137,'new','import','05_login_big03.jpg','2011-07-20 13:10:12','2011-07-25 14:12:10',100.0,0,0);
INSERT INTO "pics" VALUES(138,'new','import','05_login_big04.jpg','2011-07-20 13:10:12','2011-07-20 13:10:12',100.0,0,0);
INSERT INTO "pics" VALUES(139,'new','import','05_login_big05.jpg','2011-07-20 13:10:12','2011-07-20 13:10:12',100.0,0,0);
INSERT INTO "pics" VALUES(140,'new','import','05_login_big06.jpg','2011-07-20 13:10:12','2011-07-25 16:09:17',92.0,0,1);
INSERT INTO "pics" VALUES(141,'new','import','05_login_big07.jpg','2011-07-20 13:10:12','2011-07-25 16:09:12',92.0,0,1);
INSERT INTO "pics" VALUES(142,'new','import','05_login_big08.jpg','2011-07-20 13:10:12','2011-07-20 13:10:12',100.0,0,0);
INSERT INTO "pics" VALUES(143,'new','import','05_login_big09.jpg','2011-07-20 13:10:12','2011-07-25 15:26:26',100.0,0,0);
INSERT INTO "pics" VALUES(144,'new','import','05_login_big10.jpg','2011-07-20 13:10:12','2011-07-20 13:10:12',100.0,0,0);
INSERT INTO "pics" VALUES(145,'new','import','05_login_big11.jpg','2011-07-20 13:10:12','2011-07-25 14:12:26',100.0,0,0);
INSERT INTO "pics" VALUES(146,'new','import','05_login_big12.jpg','2011-07-20 13:10:12','2011-07-25 14:22:36',100.0,0,0);
INSERT INTO "pics" VALUES(147,'new','import','05_login_big13.jpg','2011-07-20 13:10:12','2011-07-25 15:59:05',108.0,1,0);
INSERT INTO "pics" VALUES(148,'new','import','05_login_big14.jpg','2011-07-20 13:10:12','2011-07-20 13:10:12',100.0,0,0);
INSERT INTO "pics" VALUES(149,'new','import','05_login_big15.jpg','2011-07-20 13:10:12','2011-07-20 13:10:12',100.0,0,0);
INSERT INTO "pics" VALUES(150,'new','import','05_login_big16.jpg','2011-07-20 13:10:12','2011-07-25 16:09:55',115.815825740515,2,0);
INSERT INTO "pics" VALUES(151,'new','import','05_login_big17.jpg','2011-07-20 13:10:12','2011-07-25 15:31:09',100.0,0,0);
INSERT INTO "pics" VALUES(152,'new','import','05_login_big18.jpg','2011-07-20 13:10:12','2011-07-20 13:10:12',100.0,0,0);
INSERT INTO "pics" VALUES(153,'new','import','05_login_big19.jpg','2011-07-20 13:10:12','2011-07-20 13:10:12',100.0,0,0);
INSERT INTO "pics" VALUES(154,'new','import','05_login_big20.jpg','2011-07-20 13:10:12','2011-07-21 16:23:49',100.0,0,0);
INSERT INTO "pics" VALUES(155,'new','import','05_login_big21.jpg','2011-07-20 13:10:12','2011-07-25 16:00:07',92.1841742594847,0,1);
INSERT INTO "pics" VALUES(156,'new','import','05_login_big22.jpg','2011-07-20 13:10:12','2011-07-24 14:08:10',100.0,0,0);
INSERT INTO "pics" VALUES(157,'new','import','05_login_big23.jpg','2011-07-20 13:10:12','2011-07-21 16:24:26',100.0,0,0);
INSERT INTO "pics" VALUES(158,'new','import','05_login_big24.jpg','2011-07-20 13:10:12','2011-07-25 15:59:09',92.0,0,1);
INSERT INTO "pics" VALUES(159,'new','import','05_login_big25.jpg','2011-07-20 13:10:12','2011-07-21 16:24:15',100.0,0,0);
INSERT INTO "pics" VALUES(160,'new','import','05_login_big26.jpg','2011-07-20 13:10:12','2011-07-25 16:01:16',92.0,0,1);
INSERT INTO "pics" VALUES(161,'new','import','05_login_big27.jpg','2011-07-20 13:10:12','2011-07-25 16:01:09',92.0,0,1);
INSERT INTO "pics" VALUES(162,'new','import','05_login_big28.jpg','2011-07-20 13:10:12','2011-07-21 15:46:02',100.0,0,0);
INSERT INTO "pics" VALUES(163,'new','import','05_login_big29.jpg','2011-07-20 13:10:12','2011-07-21 15:58:35',100.0,0,0);
INSERT INTO "pics" VALUES(164,'new','import','05_login_big30.jpg','2011-07-20 13:10:12','2011-07-20 13:10:12',100.0,0,0);
INSERT INTO "pics" VALUES(165,'new','import','05_login_big31.jpg','2011-07-20 13:10:12','2011-07-25 15:31:04',100.0,0,0);
INSERT INTO "pics" VALUES(166,'new','import','06_login_big01.jpg','2011-07-20 13:10:12','2011-07-20 13:10:12',100.0,0,0);
INSERT INTO "pics" VALUES(167,'new','import','06_login_big02.jpg','2011-07-20 13:10:12','2011-07-24 14:08:24',100.0,0,0);
INSERT INTO "pics" VALUES(168,'new','import','06_login_big03.jpg','2011-07-20 13:10:12','2011-07-25 16:09:21',99.8158257405153,1,1);
INSERT INTO "pics" VALUES(169,'new','import','06_login_big04.jpg','2011-07-20 13:10:12','2011-07-25 15:29:36',100.0,0,0);
INSERT INTO "pics" VALUES(170,'new','import','06_login_big05.jpg','2011-07-20 13:10:12','2011-07-25 15:27:18',100.0,0,0);
INSERT INTO "pics" VALUES(171,'new','import','06_login_big06.jpg','2011-07-20 13:10:12','2011-07-20 13:10:12',100.0,0,0);
INSERT INTO "pics" VALUES(172,'new','import','06_login_big07.jpg','2011-07-20 13:10:12','2011-07-20 13:10:12',100.0,0,0);
INSERT INTO "pics" VALUES(173,'new','import','06_login_big08.jpg','2011-07-20 13:10:12','2011-07-24 14:07:55',100.0,0,0);
INSERT INTO "pics" VALUES(174,'new','import','06_login_big09.jpg','2011-07-20 13:10:12','2011-07-24 14:07:45',100.0,0,0);
INSERT INTO "pics" VALUES(175,'new','import','06_login_big10.jpg','2011-07-20 13:10:12','2011-07-20 13:10:12',100.0,0,0);
INSERT INTO "pics" VALUES(177,'new','import','06_login_big12.jpg','2011-07-20 13:10:12','2011-07-20 13:10:12',100.0,0,0);
INSERT INTO "pics" VALUES(178,'new','import','06_login_big13.jpg','2011-07-20 13:10:12','2011-07-20 13:10:12',100.0,0,0);
INSERT INTO "pics" VALUES(180,'new','import','06_login_big15.jpg','2011-07-20 13:10:12','2011-07-20 13:10:12',100.0,0,0);
INSERT INTO "pics" VALUES(181,'new','import','06_login_big16.jpg','2011-07-20 13:10:12','2011-07-25 16:01:24',92.0,0,1);
INSERT INTO "pics" VALUES(182,'new','import','06_login_big17.jpg','2011-07-20 13:10:12','2011-07-20 13:40:53',100.0,0,0);
INSERT INTO "pics" VALUES(184,'new','import','06_login_big19.jpg','2011-07-20 13:10:12','2011-07-21 16:24:11',100.0,0,0);
INSERT INTO "pics" VALUES(185,'new','import','06_login_big20.jpg','2011-07-20 13:10:12','2011-07-20 13:10:12',100.0,0,0);
INSERT INTO "pics" VALUES(186,'new','import','06_login_big21.jpg','2011-07-20 13:10:12','2011-07-25 15:28:12',100.0,0,0);
INSERT INTO "pics" VALUES(187,'new','import','06_login_big22.jpg','2011-07-20 13:10:12','2011-07-20 13:10:12',100.0,0,0);
INSERT INTO "pics" VALUES(188,'new','import','06_login_big23.jpg','2011-07-20 13:10:12','2011-07-25 15:59:20',92.0,0,1);
INSERT INTO "pics" VALUES(189,'new','import','06_login_big24.jpg','2011-07-20 13:10:12','2011-07-25 15:59:22',108.0,1,0);
INSERT INTO "pics" VALUES(190,'new','import','06_login_big25.jpg','2011-07-20 13:10:12','2011-07-20 13:10:12',100.0,0,0);
INSERT INTO "pics" VALUES(191,'new','import','06_login_big26.jpg','2011-07-20 13:10:12','2011-07-25 15:31:09',100.0,0,0);
INSERT INTO "pics" VALUES(192,'new','import','06_login_big27.jpg','2011-07-20 13:10:12','2011-07-20 13:10:12',100.0,0,0);
INSERT INTO "pics" VALUES(193,'new','import','06_login_big28.jpg','2011-07-20 13:10:12','2011-07-25 15:28:09',100.0,0,0);
INSERT INTO "pics" VALUES(194,'new','import','06_login_big29.jpg','2011-07-20 13:10:12','2011-07-25 15:26:02',100.0,0,0);
INSERT INTO "pics" VALUES(195,'new','import','06_login_big30.jpg','2011-07-20 13:10:12','2011-07-21 16:24:23',100.0,0,0);
INSERT INTO "pics" VALUES(196,'new','import','06_login_big31.jpg','2011-07-20 13:10:12','2011-07-24 14:08:07',100.0,0,0);
INSERT INTO "pics" VALUES(197,'new','import','12_login_big01.jpg','2011-07-20 13:10:12','2011-07-25 15:25:56',100.0,0,0);
INSERT INTO "pics" VALUES(199,'new','import','12_login_big03.jpg','2011-07-20 13:10:12','2011-07-24 14:06:11',100.0,0,0);
INSERT INTO "pics" VALUES(200,'new','import','12_login_big04.jpg','2011-07-20 13:10:12','2011-07-25 15:28:03',100.0,0,0);
INSERT INTO "pics" VALUES(201,'new','import','12_login_big05.jpg','2011-07-20 13:10:12','2011-07-20 13:10:12',100.0,0,0);
INSERT INTO "pics" VALUES(202,'new','import','12_login_big06.jpg','2011-07-20 13:10:12','2011-07-25 15:58:19',92.0,0,1);
INSERT INTO "pics" VALUES(203,'new','import','12_login_big07.jpg','2011-07-20 13:10:12','2011-07-21 15:45:47',100.0,0,0);
INSERT INTO "pics" VALUES(204,'new','import','12_login_big08.jpg','2011-07-20 13:10:12','2011-07-25 16:09:29',92.0,0,1);
INSERT INTO "pics" VALUES(205,'new','import','12_login_big09.jpg','2011-07-20 13:10:12','2011-07-20 13:10:12',100.0,0,0);
INSERT INTO "pics" VALUES(206,'new','import','12_login_big10.jpg','2011-07-20 13:10:12','2011-07-25 14:12:31',100.0,0,0);
INSERT INTO "pics" VALUES(207,'new','import','12_login_big11.jpg','2011-07-20 13:10:12','2011-07-21 16:23:45',100.0,0,0);
INSERT INTO "pics" VALUES(208,'new','import','12_login_big12.jpg','2011-07-20 13:10:12','2011-07-25 15:28:16',100.0,0,0);
INSERT INTO "pics" VALUES(209,'new','import','12_login_big13.jpg','2011-07-20 13:10:12','2011-07-25 15:28:16',100.0,0,0);
INSERT INTO "pics" VALUES(210,'new','import','12_login_big14.jpg','2011-07-20 13:10:12','2011-07-25 15:26:23',100.0,0,0);
INSERT INTO "pics" VALUES(211,'new','import','12_login_big15.jpg','2011-07-20 13:10:12','2011-07-25 15:27:50',100.0,0,0);
INSERT INTO "pics" VALUES(212,'new','import','12_login_big16.jpg','2011-07-20 13:10:12','2011-07-20 13:40:51',100.0,0,0);
INSERT INTO "pics" VALUES(213,'new','import','12_login_big17.jpg','2011-07-20 13:10:12','2011-07-25 15:28:17',100.0,0,0);
INSERT INTO "pics" VALUES(214,'new','import','12_login_big18.jpg','2011-07-20 13:10:12','2011-07-20 13:10:12',100.0,0,0);
INSERT INTO "pics" VALUES(215,'new','import','12_login_big19.jpg','2011-07-20 13:10:12','2011-07-20 13:10:12',100.0,0,0);
INSERT INTO "pics" VALUES(216,'new','import','12_login_big20.jpg','2011-07-20 13:10:12','2011-07-20 13:10:12',100.0,0,0);
INSERT INTO "pics" VALUES(217,'new','import','12_login_big21.jpg','2011-07-20 13:10:12','2011-07-20 13:38:22',100.0,0,0);
INSERT INTO "pics" VALUES(218,'new','import','12_login_big22.jpg','2011-07-20 13:10:12','2011-07-25 15:55:20',100.0,0,0);
INSERT INTO "pics" VALUES(219,'new','import','12_login_big23.jpg','2011-07-20 13:10:12','2011-07-25 16:10:26',92.0,0,1);
INSERT INTO "pics" VALUES(220,'new','import','12_login_big24.jpg','2011-07-20 13:10:12','2011-07-24 14:08:15',100.0,0,0);
INSERT INTO "pics" VALUES(221,'new','import','12_login_big25.jpg','2011-07-20 13:10:12','2011-07-24 14:06:13',100.0,0,0);
INSERT INTO "pics" VALUES(222,'new','import','12_login_big26.jpg','2011-07-20 13:10:12','2011-07-20 13:10:12',100.0,0,0);
INSERT INTO "pics" VALUES(223,'new','import','12_login_big27.jpg','2011-07-20 13:10:12','2011-07-20 13:10:12',100.0,0,0);
INSERT INTO "pics" VALUES(224,'new','import','12_login_big28.jpg','2011-07-20 13:10:12','2011-07-25 15:59:37',92.0,0,1);
INSERT INTO "pics" VALUES(225,'new','import','12_login_big29.jpg','2011-07-20 13:10:12','2011-07-20 13:40:39',100.0,0,0);
INSERT INTO "pics" VALUES(226,'new','import','12_login_big30.jpg','2011-07-20 13:10:12','2011-07-21 15:58:41',100.0,0,0);
INSERT INTO "pics" VALUES(228,'new','import','08_login_big01.jpg','2011-07-20 13:10:12','2011-07-20 13:10:12',100.0,0,0);
INSERT INTO "pics" VALUES(229,'new','import','08_login_big02.jpg','2011-07-20 13:10:12','2011-07-20 13:10:12',100.0,0,0);
INSERT INTO "pics" VALUES(230,'new','import','08_login_big03.jpg','2011-07-20 13:10:12','2011-07-21 15:45:55',100.0,0,0);
INSERT INTO "pics" VALUES(231,'new','import','08_login_big04.jpg','2011-07-20 13:10:12','2011-07-21 15:46:09',100.0,0,0);
INSERT INTO "pics" VALUES(232,'new','import','08_login_big05.jpg','2011-07-20 13:10:12','2011-07-21 15:58:46',100.0,0,0);
INSERT INTO "pics" VALUES(233,'new','import','08_login_big06.jpg','2011-07-20 13:10:12','2011-07-25 15:59:41',108.0,1,0);
INSERT INTO "pics" VALUES(234,'new','import','08_login_big07.jpg','2011-07-20 13:10:12','2011-07-25 15:59:01',92.0,0,1);
INSERT INTO "pics" VALUES(235,'new','import','08_login_big08.jpg','2011-07-20 13:10:12','2011-07-25 15:59:20',108.0,1,0);
INSERT INTO "pics" VALUES(236,'new','import','08_login_big09.jpg','2011-07-20 13:10:12','2011-07-20 13:10:12',100.0,0,0);
INSERT INTO "pics" VALUES(237,'new','import','08_login_big10.jpg','2011-07-20 13:10:12','2011-07-25 15:58:25',108.0,1,0);
INSERT INTO "pics" VALUES(238,'new','import','08_login_big11.jpg','2011-07-20 13:10:12','2011-07-20 13:10:12',100.0,0,0);
INSERT INTO "pics" VALUES(239,'new','import','08_login_big12.jpg','2011-07-20 13:10:12','2011-07-21 16:24:00',100.0,0,0);
INSERT INTO "pics" VALUES(240,'new','import','08_login_big13.jpg','2011-07-20 13:10:12','2011-07-20 13:10:12',100.0,0,0);
INSERT INTO "pics" VALUES(241,'new','import','08_login_big14.jpg','2011-07-20 13:10:12','2011-07-25 14:22:36',100.0,0,0);
INSERT INTO "pics" VALUES(242,'new','import','08_login_big15.jpg','2011-07-20 13:10:12','2011-07-20 13:10:12',100.0,0,0);
INSERT INTO "pics" VALUES(243,'new','import','08_login_big16.jpg','2011-07-20 13:10:12','2011-07-24 14:06:06',100.0,0,0);
INSERT INTO "pics" VALUES(244,'new','import','08_login_big17.jpg','2011-07-20 13:10:12','2011-07-24 14:06:11',100.0,0,0);
INSERT INTO "pics" VALUES(245,'new','import','08_login_big18.jpg','2011-07-20 13:10:12','2011-07-21 16:23:45',100.0,0,0);
INSERT INTO "pics" VALUES(246,'new','import','08_login_big19.jpg','2011-07-20 13:10:12','2011-07-20 13:10:12',100.0,0,0);
INSERT INTO "pics" VALUES(247,'new','import','08_login_big20.jpg','2011-07-20 13:10:12','2011-07-24 14:08:16',100.0,0,0);
INSERT INTO "pics" VALUES(248,'new','import','08_login_big21.jpg','2011-07-20 13:10:12','2011-07-25 16:08:55',92.0,0,1);
INSERT INTO "pics" VALUES(249,'new','import','08_login_big22.jpg','2011-07-20 13:10:12','2011-07-25 16:01:14',115.815825740515,2,0);
INSERT INTO "pics" VALUES(250,'new','import','08_login_big23.jpg','2011-07-20 13:10:12','2011-07-25 15:26:35',100.0,0,0);
INSERT INTO "pics" VALUES(251,'new','import','08_login_big24.jpg','2011-07-20 13:10:12','2011-07-20 13:10:12',100.0,0,0);
INSERT INTO "pics" VALUES(252,'new','import','08_login_big25.jpg','2011-07-20 13:10:12','2011-07-25 15:29:36',100.0,0,0);
INSERT INTO "pics" VALUES(253,'new','import','08_login_big26.jpg','2011-07-20 13:10:12','2011-07-20 13:10:12',100.0,0,0);
INSERT INTO "pics" VALUES(254,'new','import','08_login_big27.jpg','2011-07-20 13:10:12','2011-07-25 15:26:02',100.0,0,0);
INSERT INTO "pics" VALUES(255,'new','import','08_login_big28.jpg','2011-07-20 13:10:12','2011-07-20 13:10:12',100.0,0,0);
INSERT INTO "pics" VALUES(256,'new','import','08_login_big29.jpg','2011-07-20 13:10:12','2011-07-20 13:10:12',100.0,0,0);
INSERT INTO "pics" VALUES(257,'new','import','08_login_big30.jpg','2011-07-20 13:10:12','2011-07-20 13:10:12',100.0,0,0);
INSERT INTO "pics" VALUES(258,'new','import','08_login_big31.jpg','2011-07-20 13:10:12','2011-07-25 16:09:35',92.0,0,1);
INSERT INTO "pics" VALUES(260,'new','import','09_login_big02.jpg','2011-07-20 13:10:12','2011-07-24 14:06:09',100.0,0,0);
INSERT INTO "pics" VALUES(261,'new','import','09_login_big03.jpg','2011-07-20 13:10:12','2011-07-24 14:05:55',100.0,0,0);
INSERT INTO "pics" VALUES(262,'new','import','09_login_big04.jpg','2011-07-20 13:10:12','2011-07-25 16:08:58',107.815825740515,1,0);
INSERT INTO "pics" VALUES(263,'new','import','09_login_big05.jpg','2011-07-20 13:10:12','2011-07-20 13:10:12',100.0,0,0);
INSERT INTO "pics" VALUES(264,'new','import','09_login_big06.jpg','2011-07-20 13:10:12','2011-07-20 13:10:12',100.0,0,0);
INSERT INTO "pics" VALUES(265,'new','import','09_login_big07.jpg','2011-07-20 13:10:12','2011-07-25 15:58:51',92.0,0,1);
INSERT INTO "pics" VALUES(266,'new','import','09_login_big08.jpg','2011-07-20 13:10:12','2011-07-21 16:14:42',100.0,0,0);
INSERT INTO "pics" VALUES(267,'new','import','09_login_big09.jpg','2011-07-20 13:10:12','2011-07-25 14:12:22',100.0,0,0);
INSERT INTO "pics" VALUES(268,'new','import','09_login_big10.jpg','2011-07-20 13:10:12','2011-07-20 13:10:12',100.0,0,0);
INSERT INTO "pics" VALUES(269,'new','import','09_login_big11.jpg','2011-07-20 13:10:12','2011-07-20 13:41:03',100.0,0,0);
INSERT INTO "pics" VALUES(270,'new','import','09_login_big12.jpg','2011-07-20 13:10:12','2011-07-20 13:10:12',100.0,0,0);
INSERT INTO "pics" VALUES(271,'new','import','09_login_big13.jpg','2011-07-20 13:10:12','2011-07-25 15:59:53',92.0,0,1);
INSERT INTO "pics" VALUES(272,'new','import','09_login_big14.jpg','2011-07-20 13:10:12','2011-07-20 13:10:12',100.0,0,0);
INSERT INTO "pics" VALUES(273,'new','import','09_login_big15.jpg','2011-07-20 13:10:12','2011-07-25 15:28:09',100.0,0,0);
INSERT INTO "pics" VALUES(274,'new','import','09_login_big16.jpg','2011-07-20 13:10:12','2011-07-21 16:23:43',100.0,0,0);
INSERT INTO "pics" VALUES(275,'new','import','09_login_big17.jpg','2011-07-20 13:10:12','2011-07-24 14:08:22',100.0,0,0);
INSERT INTO "pics" VALUES(277,'new','import','09_login_big19.jpg','2011-07-20 13:10:12','2011-07-24 14:06:04',100.0,0,0);
INSERT INTO "pics" VALUES(278,'new','import','09_login_big20.jpg','2011-07-20 13:10:12','2011-07-25 16:09:42',115.815825740515,2,0);
INSERT INTO "pics" VALUES(279,'new','import','09_login_big21.jpg','2011-07-20 13:10:12','2011-07-20 13:10:12',100.0,0,0);
INSERT INTO "pics" VALUES(281,'new','import','09_login_big23.jpg','2011-07-20 13:10:12','2011-07-25 15:59:30',92.0,0,1);
INSERT INTO "pics" VALUES(282,'new','import','09_login_big24.jpg','2011-07-20 13:10:12','2011-07-21 16:23:49',100.0,0,0);
INSERT INTO "pics" VALUES(283,'new','import','09_login_big25.jpg','2011-07-20 13:10:12','2011-07-25 16:00:07',115.815825740515,2,0);
INSERT INTO "pics" VALUES(284,'new','import','09_login_big26.jpg','2011-07-20 13:10:12','2011-07-20 13:41:15',100.0,0,0);
INSERT INTO "pics" VALUES(285,'new','import','09_login_big27.jpg','2011-07-20 13:10:12','2011-07-25 15:31:12',100.0,0,0);
INSERT INTO "pics" VALUES(286,'new','import','09_login_big28.jpg','2011-07-20 13:10:12','2011-07-25 15:26:23',100.0,0,0);
INSERT INTO "pics" VALUES(287,'new','import','09_login_big29.jpg','2011-07-20 13:10:12','2011-07-20 13:10:12',100.0,0,0);
INSERT INTO "pics" VALUES(288,'new','import','09_login_big30.jpg','2011-07-20 13:10:12','2011-07-25 15:59:18',92.0,0,1);
INSERT INTO "pics" VALUES(289,'new','import','09_login_big31.jpg','2011-07-20 13:10:12','2011-07-25 16:11:27',107.815825740515,1,0);
INSERT INTO "pics" VALUES(290,'new','import','10_login_big01.jpg','2011-07-20 13:10:12','2011-07-25 15:59:06',108.0,1,0);
INSERT INTO "pics" VALUES(291,'new','import','10_login_big02.jpg','2011-07-20 13:10:12','2011-07-20 13:10:12',100.0,0,0);
INSERT INTO "pics" VALUES(292,'new','import','10_login_big03.jpg','2011-07-20 13:10:12','2011-07-21 16:23:38',100.0,0,0);
INSERT INTO "pics" VALUES(293,'new','import','10_login_big04.jpg','2011-07-20 13:10:12','2011-07-24 14:08:27',100.0,0,0);
INSERT INTO "pics" VALUES(294,'new','import','10_login_big05.jpg','2011-07-20 13:10:12','2011-07-20 13:10:12',100.0,0,0);
INSERT INTO "pics" VALUES(295,'new','import','10_login_big06.jpg','2011-07-20 13:10:12','2011-07-21 16:24:02',100.0,0,0);
INSERT INTO "pics" VALUES(296,'new','import','10_login_big07.jpg','2011-07-20 13:10:12','2011-07-20 13:10:12',100.0,0,0);
INSERT INTO "pics" VALUES(297,'new','import','10_login_big08.jpg','2011-07-20 13:10:12','2011-07-21 16:24:12',100.0,0,0);
INSERT INTO "pics" VALUES(298,'new','import','10_login_big09.jpg','2011-07-20 13:10:12','2011-07-20 13:10:12',100.0,0,0);
INSERT INTO "pics" VALUES(299,'new','import','10_login_big10.jpg','2011-07-20 13:10:12','2011-07-21 16:24:31',100.0,0,0);
INSERT INTO "pics" VALUES(300,'new','import','10_login_big11.jpg','2011-07-20 13:10:12','2011-07-20 13:10:12',100.0,0,0);
INSERT INTO "pics" VALUES(301,'new','import','10_login_big12.jpg','2011-07-20 13:10:12','2011-07-25 15:27:22',100.0,0,0);
INSERT INTO "pics" VALUES(302,'new','import','10_login_big13.jpg','2011-07-20 13:10:12','2011-07-25 15:31:10',100.0,0,0);
INSERT INTO "pics" VALUES(303,'new','import','10_login_big14.jpg','2011-07-20 13:10:12','2011-07-20 13:10:12',100.0,0,0);
INSERT INTO "pics" VALUES(304,'new','import','10_login_big15.jpg','2011-07-20 13:10:12','2011-07-25 14:12:10',100.0,0,0);
INSERT INTO "pics" VALUES(305,'new','import','10_login_big16.jpg','2011-07-20 13:10:12','2011-07-25 16:09:52',92.1884127287884,0,1);
INSERT INTO "pics" VALUES(306,'new','import','10_login_big17.jpg','2011-07-20 13:10:12','2011-07-25 15:31:04',100.0,0,0);
INSERT INTO "pics" VALUES(307,'new','import','10_login_big18.jpg','2011-07-20 13:10:12','2011-07-20 13:10:12',100.0,0,0);
INSERT INTO "pics" VALUES(308,'new','import','10_login_big19.jpg','2011-07-20 13:10:12','2011-07-20 13:10:12',100.0,0,0);
INSERT INTO "pics" VALUES(309,'new','import','10_login_big20.jpg','2011-07-20 13:10:12','2011-07-25 15:26:31',100.0,0,0);
INSERT INTO "pics" VALUES(311,'new','import','10_login_big22.jpg','2011-07-20 13:10:12','2011-07-25 16:08:55',108.0,1,0);
INSERT INTO "pics" VALUES(312,'new','import','10_login_big23.jpg','2011-07-20 13:10:12','2011-07-20 13:10:12',100.0,0,0);
INSERT INTO "pics" VALUES(313,'new','import','10_login_big24.jpg','2011-07-20 13:10:12','2011-07-25 15:59:05',92.0,0,1);
INSERT INTO "pics" VALUES(314,'new','import','10_login_big25.jpg','2011-07-20 13:10:12','2011-07-20 13:10:12',100.0,0,0);
INSERT INTO "pics" VALUES(315,'new','import','10_login_big26.jpg','2011-07-20 13:10:12','2011-07-25 15:28:23',100.0,0,0);
INSERT INTO "pics" VALUES(316,'new','import','10_login_big27.jpg','2011-07-20 13:10:12','2011-07-25 14:13:01',100.0,0,0);
INSERT INTO "pics" VALUES(317,'new','import','10_login_big28.jpg','2011-07-20 13:10:12','2011-07-21 15:45:54',100.0,0,0);
INSERT INTO "pics" VALUES(318,'new','import','10_login_big29.jpg','2011-07-20 13:10:12','2011-07-25 14:09:33',100.0,0,0);
INSERT INTO "pics" VALUES(319,'new','import','10_login_big30.jpg','2011-07-20 13:10:12','2011-07-20 13:10:12',100.0,0,0);
INSERT INTO "pics" VALUES(320,'new','import','10_login_big31.jpg','2011-07-20 13:10:12','2011-07-24 14:07:57',100.0,0,0);
INSERT INTO "pics" VALUES(321,'new','import','11_login_big01.jpg','2011-07-20 13:10:12','2011-07-24 14:08:05',100.0,0,0);
INSERT INTO "pics" VALUES(322,'new','import','11_login_big02.jpg','2011-07-20 13:10:12','2011-07-25 16:09:04',100.364109946214,1,1);
INSERT INTO "pics" VALUES(323,'new','import','11_login_big03.jpg','2011-07-20 13:10:12','2011-07-25 16:09:29',108.0,1,0);
INSERT INTO "pics" VALUES(324,'new','import','11_login_big04.jpg','2011-07-20 13:10:12','2011-07-25 15:27:26',100.0,0,0);
INSERT INTO "pics" VALUES(325,'new','import','11_login_big05.jpg','2011-07-20 13:10:12','2011-07-20 13:10:12',100.0,0,0);
INSERT INTO "pics" VALUES(326,'new','import','11_login_big06.jpg','2011-07-20 13:10:12','2011-07-25 15:31:12',100.0,0,0);
INSERT INTO "pics" VALUES(327,'new','import','11_login_big07.jpg','2011-07-20 13:10:12','2011-07-20 13:10:12',100.0,0,0);
INSERT INTO "pics" VALUES(328,'new','import','11_login_big08.jpg','2011-07-20 13:10:12','2011-07-25 14:12:22',100.0,0,0);
INSERT INTO "pics" VALUES(329,'new','import','11_login_big09.jpg','2011-07-20 13:10:12','2011-07-20 13:10:12',100.0,0,0);
INSERT INTO "pics" VALUES(330,'new','import','11_login_big10.jpg','2011-07-20 13:10:12','2011-07-25 16:09:52',115.995761530697,2,0);
INSERT INTO "pics" VALUES(331,'new','import','11_login_big11.jpg','2011-07-20 13:10:12','2011-07-25 15:27:50',100.0,0,0);
INSERT INTO "pics" VALUES(332,'new','import','11_login_big12.jpg','2011-07-20 13:10:12','2011-07-25 15:58:34',92.0,0,1);
INSERT INTO "pics" VALUES(333,'new','import','11_login_big13.jpg','2011-07-20 13:10:12','2011-07-21 16:24:29',100.0,0,0);
INSERT INTO "pics" VALUES(334,'new','import','11_login_big14.jpg','2011-07-20 13:10:12','2011-07-20 13:10:12',100.0,0,0);
INSERT INTO "pics" VALUES(335,'new','import','11_login_big15.jpg','2011-07-20 13:10:12','2011-07-25 16:01:16',108.0,1,0);
INSERT INTO "pics" VALUES(336,'new','import','11_login_big16.jpg','2011-07-20 13:10:12','2011-07-25 16:09:55',92.1841742594847,0,1);
INSERT INTO "pics" VALUES(337,'new','import','11_login_big17.jpg','2011-07-20 13:10:12','2011-07-20 13:10:12',100.0,0,0);
INSERT INTO "pics" VALUES(338,'new','import','11_login_big18.jpg','2011-07-20 13:10:12','2011-07-25 14:12:27',100.0,0,0);
INSERT INTO "pics" VALUES(339,'new','import','11_login_big19.jpg','2011-07-20 13:10:12','2011-07-21 16:24:00',100.0,0,0);
INSERT INTO "pics" VALUES(340,'new','import','11_login_big20.jpg','2011-07-20 13:10:12','2011-07-20 13:10:12',100.0,0,0);
INSERT INTO "pics" VALUES(341,'new','import','11_login_big21.jpg','2011-07-20 13:10:12','2011-07-21 15:58:31',100.0,0,0);
INSERT INTO "pics" VALUES(342,'new','import','11_login_big22.jpg','2011-07-20 13:10:12','2011-07-21 16:23:51',100.0,0,0);
INSERT INTO "pics" VALUES(343,'new','import','11_login_big23.jpg','2011-07-20 13:10:12','2011-07-20 13:10:12',100.0,0,0);
INSERT INTO "pics" VALUES(344,'new','import','11_login_big24.jpg','2011-07-20 13:10:12','2011-07-20 13:10:12',100.0,0,0);
INSERT INTO "pics" VALUES(345,'new','import','11_login_big25.jpg','2011-07-20 13:10:12','2011-07-25 16:10:08',92.1841742594847,0,1);
INSERT INTO "pics" VALUES(346,'new','import','11_login_big26.jpg','2011-07-20 13:10:12','2011-07-25 15:28:22',100.0,0,0);
INSERT INTO "pics" VALUES(347,'new','import','11_login_big27.jpg','2011-07-20 13:10:12','2011-07-25 15:59:18',108.0,1,0);
INSERT INTO "pics" VALUES(348,'new','import','11_login_big28.jpg','2011-07-20 13:10:12','2011-07-25 14:12:20',100.0,0,0);
INSERT INTO "pics" VALUES(349,'new','import','11_login_big29.jpg','2011-07-20 13:10:12','2011-07-21 15:58:34',100.0,0,0);
INSERT INTO "pics" VALUES(350,'new','import','11_login_big30.jpg','2011-07-20 13:10:12','2011-07-20 13:45:38',100.0,0,0);
INSERT INTO "pics" VALUES(351,'new','import','11_login_big31.jpg','2011-07-20 13:10:12','2011-07-25 15:26:26',100.0,0,0);
CREATE UNIQUE INDEX "unique_schema_migrations" ON "schema_migrations" ("version");
COMMIT;
